ts	phase	decision	why	evidence	result
2026-07-20T04:58:23Z	safety	Preserve the user review bundle before policy work	The staged review files are unrelated user work and must survive the session byte-for-byte	staged binary diff SHA-256 8b6a6c755538db5234401349465c53b5a208f139a44cc9fb12665b49a1afe3f0; stash 0effcd73056ed6aea466d3cfd336fe289c93ece6	Worktree contains only pre-existing untracked files; Bead claimed safely
2026-07-20T05:01:32Z	tdd-red	Start with the missing lifecycle policy as a failing contract	The current integer approval list cannot prove stable requirements, deprecation windows, or channel rules	python3 test/test_semver_lifecycle_policy.py: 3 missing-file errors and old analyzer-option failure	Red baseline proves the machine checklist, human policy, and release wiring do not yet exist
2026-07-20T05:09:22Z	design	Replace the raw stable-major integer list with a small reviewed release-line checklist	A number can permit 1.0 but cannot explain which readiness requirements passed or who approved the promise	release/policy.json; sibling haxe.elixir.codex commit 2030abea264dac770915dbeff427acc349ff082e	The analyzer derives approved majors only from complete requirements plus an explicit dated commit-pinned approval
2026-07-20T05:09:22Z	authority	Point release policy at the compatibility maturity authority instead of repeating beta state	Product maturity and SemVer lineage answer different questions; duplicating beta creates drift	release/policy.json normalChannel.productMaturityAuthority; docs/compatibility-support-manifest.json	Release policy owns channel mechanics while compatibility evidence remains the sole maturity authority
2026-07-20T05:09:22Z	tdd-green	Enforce channel deprecation experimental and stable-approval invariants with mutation tests	Governance text is not sufficient if CI accepts a prerelease channel shortened deprecation or incomplete stable approval	python3 test/test_semver_lifecycle_policy.py; npm run test:release-version-policy; npm run release:policy	Focused policy contracts pass and known bypass mutations fail closed
2026-07-20T05:29:22Z	review-finding	Reject format-only stable approvals and bind them to real unchanged reviewed source history	The first validator accepted any 40-hex value and therefore did not prove the documented commit pin	xhigh second-pass finding 1; temporary-Git approval source binding test	Approval SHA must exist and be ancestral; only release/policy.json and .beads/interactions.jsonl may differ afterward
2026-07-20T05:29:22Z	review-correction	Close analyzer and schema loopholes found after the initial green result	The earlier green row proved constant drift rejection but did not yet prove commit-scope floors or reject every unknown authority field	xhigh second-pass findings 2 and 3; fix(experimental) and fix(deprecation) mapping tests; exact-key mutation tests	Experimental and deprecation scopes now have a minor floor and every policy object rejects undeclared keys
2026-07-20T05:35:41Z	review-finding	Limit approval freshness to the major transition and block unproved stable experimental minors	Rechecking a historical approval on every stable patch would freeze the admitted line while an unconditional experimental scope would bypass the proof rule	xhigh re-review findings 1 and 2; stable maintenance and stable experimental rejection tests	Major-transition approval is checked once; ordinary stable maintenance proceeds; stable experimental minors fail until proof machinery exists
2026-07-20T05:35:41Z	review-hardening	Restrict reviewed-policy drift to the target approval field	Allowing any release/policy.json edit after review could change channel or admission semantics under the same approval	temporary-Git policy-drift mutation test; deep comparison with reviewed release/policy.json	The reviewed policy must be identical except that the target approval changes from null to its validated record
2026-07-20T05:38:51Z	second-pass	Accept the remediated xhigh design after independent read-only re-review	The final review found no blocker or high issue after transition-scoped freshness experimental proof rejection and exact policy-delta checks	trail_audit final review; no blocker/high findings; residual noncanonical policyPath risk is excluded by official config verification	Second-pass requirement satisfied with no unresolved material finding
2026-07-20T05:38:51Z	validation	Run focused downstream changed-file release and full compiler gates	The policy touches release automation and shared documentation so both direct contracts and repository-wide regression evidence are required	npm run test:release-contracts; npm run test:changed; npm test; compatibility:verify; 301 snapshot summary	All gates passed; 301 snapshots passed with zero failures
